New York (Manhattan),Brooklyn,Queens,The Bronx,Staten Island,Los Angeles,Chicago,Philadelphia,Dallas,Oakland,Boston,"Washington, DC",Atlanta,Houston,Detroit,Phoenix,Seattle,Tampa,Minneapolis,Miami,Denver,Orlando,Cleveland,Sacramento,St. Louis,"Portland, OR",Pittsburgh,Raleigh,Charlotte,Indianapolis,Baltimore,San Diego,Nashville,Hartford,New Haven,Kansas City,"Columbus, OH",Salt Lake City,Milwaukee,Cincinnati,San Antonio,Greenville,West Palm Beach - Ft. Pierce,Kalamazoo,Austin,Oklahoma City,Las Vegas,Harrisburg,Birmingham,Norfolk,Greensboro,Albuquerque,Jacksonville,Louisville,Memphis
Alphabet City,Barren Island,Arverne,Allerton,Annadale,Angelino Heights,Albany Park,Avenue of the Arts,Lower Greenville Avenue,Adams Point,Allston-Brighton ,Adams Morgan,Castleberry Hill,Afton Oaks,Bricktown,Arcadia,Atlantic,Armenia Gardens Estates,Bryn Mawr,Allapattah,Baker,Lake Dot,Brooklyn Centre,Ben Ali,Academy,Alameda,Bluff,Anderson Heights,Ballantyne,Acton,Arlington,Balboa Park,Hillsboro Village,Central Business District/Downtown,Amity,Downtown,Arena District,9th and 9th,Arlington Heights,Avondale,Downtown San Antonio,Brutontown,Bel Air Historic District,Arcadia,Allendale,Bricktown,Aliante,Allison Hill,Airport Hills,Algonquin Park,Fisher Park,Northeast Heights,Brooklyn,Algonquin,Central Business District
Astor Row,Bath Beach,Astoria,Baychester,Arden Heights,Arleta,Andersonville,Chinatown,Downtown,Chinatown,Allston,Columbia Heights,Centennial Hill district,Brentwood,Broadway Avenue,Biltmore Area,Ballard,Audubon Park,Calhoun Area Residents Action Group (CARAG),Bay Point,Capitol Hill,Callahan,Buckeye-Shaker,Boulevard Park,Baden,Arbor Lodge,Chinatown,Avent West,Chantilly,Arden,Ashburton,Bankers Hill,Printer's Alley,Parkville,Annex,18th and Vine,Argyle Park,The Avenues,Brewer's Hill,Bond Hill,Alamo Heights,Greater Sullican,Central Park,Burke Acres,Anderson Mill,Deep Deuce,Alta Drive,Bellevue Park,Brownville ,Ballentine,Lake Jeanette,Westside,Downtown Core,Auburndale,South Main Arts District
Battery Park City,Bay Ridge,Astoria Heights,Bedford Park,Arlington,Arlington Heights,Archer Heights,Eakins Oval,Oak Lawn,City Center,Brighton,Kalorama,Fairlie-Poplar district,Briargrove Park,Campus Martius,Central Avenue Corridor,Beacon Hill,Ballast Point,Cedar-Isles-Dean,Bayside,Central Business District,Parramore,"Central, Cleveland",Colonial Heights,Benton Park,Ardenwald-Johnson Creek,Cultural District,Belvidere Park,Cotswold,Bates-Hendricks,Burleigh-Leighton,Barrio Logan,Music Row,Frog Hollow,Audubon Arts District,Beacon Hill-McFeders,Berwick,Capitol Hill,Franklin Heights,California,MidtownBrackenridge Park,Green Avenue,El Cid,Central Business District,Barton Creek,The Arts District,Anthem,Camp Curtin,Cahaba,Barraud Park,Latham Park,Nob Hill,LaVilla,Audubon,Medical District
Bowery,Bedford,Auburndale,Belden Point,Arrochar,"Armenia, Little",Ashburn,Elfreth's Alley,Fair Park,Civic Center,Back Bay,LeDroit Park,Five Points district,Broadacres,Capitol Park,Copper Square,Belltown,Bayshore Beautiful,East Calhoun,Belle Meade,Cheesman Park,Lake Eola Heights,Clark-Fulton,Curtis Park,Benton Park West,Argay,Fort Pitt,Capital Park,Derita,Beech Grove,Callaway-Garrison,Bay Ho,Lower Broadway,Asylum Hill,Beaver Hills,Columbus Park,The Bottoms,Central City,Granville,Camp Washington,Uptown Central,Nicholtown,Flamingo Park,Colony Farm,Barton Hills,Film Row,Boca Park,Capitol District,Crestline,Berkley,Irving Park,Downtown,Southbank,Avondale-Melbourne Heights,Harbor Town
Carnegie Hill,Bedford-Stuyvesant,Bayside,Belmont,Bay Terrace,Arts District,Auburn Gresham,Fitler Square,Uptown,Crocker Highlands,Bay Village,Mount Pleasant,Hotel District,City Park,Downtown,Desert Ridge,Bitter Lake,Bayshore Gardens,East Isles,Biscayne Island,City Park,South Eola,Cleveland Theater District,Del Paso Heights,Bevo Mill,Arlington Heights,Market Square,Blount Street,Dilworth,BlackBurn Terrace Project,Central Forest Park,Bay Park,Antioch,West End,Beverly Hills,Crown Center,Brewery District,Downtown,Harambee,Carthage,North Central,West Greenville,Grandview Heights,Eastside,Bouldin Creek,Automobile Alley,Centennial Hills,Capitol Heights,Crestwood,Calvert Square,New Irving Park,Old Town,Eastside,Bashford Manor,Victorian Village
Chelsea,Bensonhurst,Bayswater,Castle Hill,Bloomfield,Atwater Village,Avalon Park,Franklintown,Deep Ellum,Grand Lake,Beacon Hill,Park View,Luckie Marietta district,Clinton Park,Financial District,Downtown Phoenix,Blue Ridge,Bayside West,Kenwood,Brickell,Congress Park,Thornton Park,Collinwood,Downtown Sacramento,Botanical Heights,Arnold Creek,North Shore,Boylan Heights,Eastland,Bosart-Brown,Central Park Heights,Birdland,Bellevue,Sheldon/Charter Oak,Bishop Woods,Crossroads,Cherry Creek,Fairpark,Bronzeville,Clifton,Far North Central,Viola Street,Mango Promenade,Edison,Bremond Block Historic District,Plaza District,Chinatown,Central Business District (Downtown Harrisburg),East Birmingham,Chesterfield Heights,Bur-Mil Park,University Area,Murray Hill,Beechmont,Warehouse District
Chinatown,Bergen Beach,Bay Terrace,City Island,Brighton Heights,Baldwin Hills,Avondale,French Quarter,Vickery Meadows,Jack London District,Harbor Islands,Pleasant Plains,Peachtree Center,Cloverland,Greektown,East Side,Broadmoor,Beach Park,Lowry Hill,Brickell Key,City Park West,Colonialtown,Detroit-Shoreway,East Sacramento,Boulevard Heights,Ashcreek,South Shore,Cameron Park,Elizabeth,Brendonwood,Cheswolde,Black Mountain Ranch,Donelson,Clay-Arsenal,Broadway District,Hospital Hill,Clintonville,Foothill,Grover Heights,College Hill,Northeast Side,Sterling,Northboro Park,Hill 'N' Brook,Brentwood,Heritage Hills & Mesta Park,Desert Shores,City Island,East Lake,Colonial Place,Kirkwood,Sawmill,New Town,Belknap,Uptown
Civic Center,Beverley Square,Beechhurst,Clason Point,Bulls Head,Baldwin Hills/Crenshaw,Back of the Yards,Independence Mall,Knox-Henderson,Jack London Square,Charlestown,Shaw,SoNo,Corinthian Pointe,Grand Circus Park,Golden Gate Barrio,Broadview,Beach Park Isles,Lowry Hill East (The Wedge),Bryan Park,Civic Center,Lawsona,Downtown Cleveland,Elmhurst,Carondelet,Beaumont-Wilshire,Renaissance Historic District,Country Club Hills,Myers Park,Brightwood,Cross Country,Burlingame,East Nashville,South End,Brookside,Longfellow/Dutch Hill,Discovery District,Federal Heights,Halyard Park,Columbia-Tusculum,Northwest Side,Southernside,Northwest,Knollwood,Bryker Woods,Cottage District,Downtown Las Vegas,East Harrisburg,East Pinson Valley,Coleman Place,Aycock,Los Ranchos,Ortega,Belmar,Pinch District
Columbus Circle,BoCoCa,Bellaire,Crotona Park East,Castleton,Baldwin Village,Belmont Cragin,Jewelers' Row,Swiss Avenue,Lakeside Apartments District,Chestnut Hill,Burleith,South Downtown,Cottage Grove,Griswold Street,Maryvale,Bryant,Beasley,West Calhoun,Buena Vista,Country Club,Ferncreek,"Fairfax, Cleveland",Gardenland,Carr Square,Boise,Strip District,Drewry Hills,NoDa,Broad Ripple Village,Dolfield,Carmel Mountain Ranch,Green Hills,South Green,Cedar Hill,Quality Hill,Downtown,Glendale,Havenwoods,Corryville,Far West Side,Pleasant Valley,Old Northwood Historic District,Milwood,Canyon Creek,Asia District,Eldorado,Engleton,Ensley,Crown Point,Bessemer,North Valley,Panama Park,Bon Air,Rozelle
Cooperative Village,Boerum Hill,Belle Harbor,Co-op City,Castleton Corners,Baldwin Vista,Beverly,Logan Square,Oak Cliff,Old Oakland,Chinatown,Chinatown,Peachtree Street,Crestwood/Glen Cove,West Jefferson Avenue,Maryvale Village,Capitol Hill,Bel Mar Shores,Cleveland,Civic Center,Lincoln Park,Lake Cherokee,The Flats,Land Park,Central West End,Brentwood-Darlington,Allegheny Center,Fayetteville Street,North Charlotte,Brookside Park,Dorchester,Carmel Valley,The Gulch,Barry Square,Chatham Square,River Market,Driving Park,Poplar Grove,Hillside,CUF,Inner West Side,Payne Logan,Northwood Hills Historic District,Northside,Circle C Ranch,The Paseo,Green Valley,Italian Lake,Five Points West,Diggs Park,Dudley Heights,Corrales,Riverside and Avondale,Bonnycastle,Cooper-Young
Diamond District,Borough Park,Bellerose,Country Club,Charleston,"Bank District, Old",Bridgeport,Market East,Bishop Arts District,Trestle Glen,Columbia Point,Downtown,Historic Midtown,Eastwood,Monroe Avenue,North/Northwest Phoenix,Cascade,Bon Air,Folwell,Coconut Grove,North Capitol Hill,Greenwood,"Glenville, Cleveland",Lavender Heights,Cheltenham,Bridgeton,Allegheny West,Five Points,Plaza-Midwood,Butler-Tarkington,East Arlington,Centre City,Hermitage,South Meadows,Church Street South,Union Hill,East Broad Street,Rose Park,Metcalfe Park,Downtown,South Side,Haynie-Sirrine,Prospect Park,Oakland/Winchell,Clarksville,Crown Heights–Edgemere Heights,Inspirada,Jackson Lick,Grasselli,Downtown Norfolk,Old L. Richardson,,San Marco,Bradley,Evergreen
East Harlem,Brighton Beach,Blissville,East Bronx,Chelsea,Beachwood Canyon,Brighton Park,Museum District,Cedars,Uptown,Dorchester,Dupont Circle,Atlantic Station,Garden Oaks,Park Avenue,South Phoenix,Central District,Carver City-Lincoln Gardens,Lind-Bohanon,Coral Gate,Speer,Lake Davis,"Hough, Cleveland",Meadowview,Clayton/Tamm (Dogtown),Bridlemile,Brighton Heights,Glenwood-Brooklyn,Quail Hollow,Camby,Fallstaff,City Heights,Lockeland Springs,Southwest,City Point/Oyster Point,West Side,Eastside,Sugar House,Midtown,East End,East Side,Greenline-Spartanburg,West Northwood Historic District,Oakwood,Congress Avenue,Western Avenue Corridor,Lake Las Vegas,Hardscrabble,Huffman,East Ocean View,East White Oaks,,Springfield,Brownsboro-Zorn,East Buntyn
East Village,Brooklyn Chinatown,Boulevard Gardens,Eastchester,Clifton,"Bel Air, Bel-Air or Bel Air Estates",Bronzeville,Naval Square,West Village,Cleveland Heights,Downtown Crossing,Foggy Bottom,Eastern Home Park,Glenshire,Randolph Street,Southwest Phoenix,Central Waterfront,Channel District,McKinley,Coral Way,Union Station,Bel Air,Industrial Valley,Midtown Sacramento,Clifton Heights,Brooklyn,California-Kirkbride,Glenwood Village,Sedgefield,Castleton,Forest Park/Howard Area,Clairemont,Madison,Behind the Rocks,Dixwell,Ashland Ridge,Flytown,,Park West,East Walnut Hills,Near East Side,,,Parkview Hills,Copperfield,39th Street Enclave,Los Prados,Marketplace,North Birmingham,Estabrook,White Oak New Town,,St. Nicholas,Butchertown,Crosstown
Financial District,Brooklyn Heights,Breezy Point,East Tremont,Concord,"Bel Air, East Gate",Bucktown,Old City,Turtle Creek,Dimond District,East Boston,Georgetown,Georgia Tech and Technology Square,Highland Village,Riverfront Condominiums,F. Q. Story Neighborhood Historic District,Cherry Hill,College Hill,Shingle Creek,Design District,Belcaro,Delaney Park,Kamm's Corners,Natomas,College Hill,Buckman,Central Northside,Glenwood South,Sherwood Forest,Central,Garwyn Oaks,College Area,Old Hickory,North Meadows,Downtown New Haven,Blue Hills,Forest Park,,Sherman Park,East Westwood,,,,South Westnedge,Crestview,Boathouse District,MacDonald Highlands,Midtown,Northside,Fairmount Park Neighborhood,Willow Oaks,,Arlington,California,Lenox
Five Points,Brownsville,Briarwood,Edenwald,Dongan Hills,Benedict Canyon,Burnside,Penn Center,,Eastmont,Fenway–Kenmore,Kalorama,Home Park,Houston Gardens,Washington Boulevard,,Crown Hill,Culbreath Bayou,Victory,Dodge Island,Cory-Merrill,Wadeview Park,Lee-Miles,New Era Park,Columbus Square,Cathedral Park,Chateau,Hayes Barton,SouthPark,Chapel Hill,Glen,Del Mar Heights,,Blue Hills,Dwight,Blue Valley,Franklinton,,Thurston Woods,English Woods,,,,Southside,Dawson,Capitol Hill,Mountains Edge,Shipoke,Pratt City,Fort Norfolk,Adams Farm,,Northside,Camp Taylor,Annesdale
Flatiron District,Bushwick,Broad Channel,Ferry Point Park,East Shore,Beverly Crest,Calumet Heights,Penn's Landing,,Elmhurst,Financial District,Logan Circle,Loring Heights,Idylwood,Lower Woodward Avenue,,Denny Regrade,Culbreath Isles,Webber-Camden,Downtown,East Colfax,Lake Weldona,"Nottingham, Ohio",North Sacramento,Compton Heights,Centennial,East Allegheny,Historic Oakwood,Starmount,Chatham Arch,Grove Park,Del Mar Mesa,,Northeast,East Rock,Boulevard Village,Georgian Heights,,Uptown Crossing,Evanston,,,,Stuart,Dove Springs,Stockyards City,Paradise Palms,South of Market (SoMa) District,Red Mountain,Freemason District,Asheboro Square,,Southside,Cherokee Gardens,Central Gardens
Garment District,Canarsie,Broadway-Flushing,Fordham,Egbertville,Beverly Glen,Chatham,Rittenhouse Square,,Fruitvale,Forest Hills,Mount Vernon Square,Sherwood Forest,Kashmere Gardens,Woodward Avenue,,Denny-Blaine,Davis Islands,Downtown East,Edgewater,Hale,Lancaster Park,"Ohio City, Cleveland",Oak Park,Covenant Blu/Grand Center,Collins View,Fineview,Longview Gardens,Steele Creek,Clearwater,Hanlon Park - Longwood,Downtown San Diego,,Little Italy,East Shore/Morris Cove,Country Valley-Hawthorne Square,German Village,,Williamsburg Heights,Fay Apartments,,,,Vine,Downtown Austin,Adventure District,Paradise Vista,South Harrisburg,Roebuck/South East Lake,Ghent,Grandover,,Westside,Cherokee-Seneca,Sherwood Forest
Gashouse District,Carroll Gardens,Cambria Heights,Harding Park,Elm Park,Beverly Grove,Chinatown,Schuylkill Avenue,,Glenview,Fort Point,Penn Quarter,Berkeley Park,Larchmont,Art Center,,Downtown,Dixie Farms,Downtown West,Flagami,Hilltop,College Park,Old Brooklyn,Pocket-Greenhaven,DeBaliviere Place,Concordia,Manchester,Moore Square,Stonehaven,Clermont ,Howard Park,Columbia,,Upper Albany,Edgewood,Cunningham Ridge,Glen Echo,,Bay View,Hartwell,,,,West Douglas/Fairmont,The Drag,Lincoln Terrace,Queensridge,Steelton,Smithfield,Highland Park,Ole Asheboro,,Bayard,Cherokee Triangle,Balmoral
Gramercy Park,City Line,College Point,Highbridge,Eltingville,Beverly Park,Clearing,Society Hill,,Grass Valley,Government Center,Shaw,Blandtown,Magnolia Grove,Brush Park,,Eastlake,Drew Park,Elliot Park,Golden Pines,Indian Creek,,"Old Chinatown, Cleveland",Robla,Downtown,Creston-Kenilworth,Marshall-Shadeland,Mordecai,,College Park,Langston Hughes,Core,,,Fair Haven,Dunbar,Harrison West,,Clarke Square,Hyde Park,,,,West Main Hill,East Cesar Chavez,NW Expressway / Belle Isle Corridor,Rancho Sierra Estates,Uptown,Southside,Huntersville,Sedgefield,,Lake Shore,Chickasaw,Chickasaw Gardens
Greenwich Village,Clinton Hill,Corona,Hunts Point,Emerson Hill,Beverlywood,Dunning,South Street,,Havenscourt,Hyde Park,Southwest Federal Center,Western Home Park,Montrose,Cass Corridor,,First Hill,Eastern Heights,Loring Park,Grapeland Heights,Lowry,,"South Broadway, Cleveland",Southeast Village,Downtown West,Crestwood,Mexican War Streets,North Carolina State University,,Cottage Home,Liberty Square,Cortez Hill,,,Fair Haven Heights,East 23rd Street P.A.C.,High Five,,Holler Park,Kennedy Heights,,,,Western Michigan University,East Riverside-Oltorf,Nichols Hills and The Village,Seven Hills,,Southwest,Ingleside,Southside,,Mandarin,Clifton,Colonial Acres
Hamilton Heights,Cobble Hill,Ditmars,The Hub,Fort Wadsworth,Boyle Heights,East Side,Washington Square West,,Laurel,Jamaica Plain,West End,Knight Park/Howell Station,Morningside Place,Cass-Davenport,,Fremont,East Tampa,North Loop,Jewelery District,Montclair,,St. Clair-Superior,Southside Park,Dutchtown,Cully,Northview Heights,Raleigh Country Club,,Crooked Creek,Lucille Park,East Village,,,Hill,Eastwood Hills,Hilltop,,Jackson Park,Linwood,,,,Westnedge Hill,Far West,Quail Springs/Memorial Corridor,Silverado Ranch,,Titusville,Kensington,College Hill,,Sandalwood,Clifton Heights,Galloway Gardens
Harlem,Coney Island,Douglaston,Kingsbridge,Graniteville,Brentwood,Edgewater,Bella Vista,,Millsmont,Leather District,American University Park,Marietta Street Artery,Near North Side,Cass Park,,Georgetown,Belmont Heights,Stevens Square,Liberty City,Park Hill,,"Tremont, Cleveland",Swanston Estates,Ellendale,Downtown,Perry North,Ridge Road,,Crown Hill,Park Circle,Gaslamp Quarter,,,Jocelyn Square,Glen Lake,Holly Hill,,Jones Island,Madisonville,,,,Westwood,French Place,"Meridian Avenue ""West End"" Corridor",Southern Highlands,,West End,Larchmont-Edgewater,Glenwood,,Atlantic Beach,Cloverleaf,River Oaks
Hell's Kitchen,Crown Heights,Dutch Kills,Kingsbridge Heights,Grant City,Brentwood Circle,Edison Park,Central South Philadelphia,,Maxwell Park,Longwood,Berkley,Ansley Park,Nottingham Forest,Cultural Center,,Green Lake,Jackson Heights,Cooper,Little Haiti,Virginia Village,,University Circle,Tahoe Park,Fairground,East Columbia,Perry South,State Government District,,Crows Nest,Park Heights,Little Italy,,,Kimberly Square,Ingleside,Italian Village,,Layton Park,Millvale,,,,,Galindo,I-240 Corridor,Summerlin,,Woodlawn,Lafayette / Winona,Hamilton Lakes,,Jacksonville Beach,Crescent Hill,White Station
Herald Square,Cypress Hills,East Elmhurst,Locust Point,Grasmere,Brentwood Glen,Englewood,Devil's Pocket,,Peralta Hacienda,Mattapan,Cathedral Heights,Atkins Park,Old Braeswood,Medical Center,,Greenwood,East Ybor,Hiawatha,Little Havana,Washington Virginia Vale,,"Woodland Hills, Cleveland",Upper Land Park,Forest Park Southeast,Eastmoreland,Spring Garden,Warehouse District,,Cumberland,Pimlico,Marina,,,Long Wharf,Ivanhoe,King-Lincoln Bronzeville,,Lincoln Village,Mt. Adams,,,,,Hancock,,The Lakes,,,Lafayette Shores,Jefferson Woods,,Mayport,Deer Park,Klondyke
Hudson Heights,Ditmas Park,Edgemere,Longwood,Great Kills,Broadway-Manchester,Forest Glen,Dickinson Narrows,,Redwood Heights,Mission Hill,Chevy Chase,Cabbagetown,Pecan Park,East Ferry Avenue,,Harbor Island,Fair Oaks - Manhattan Manor,Howe,Little River,Windsor,,,Valley View Acres,Fountain Park,Eliot,Spring Hill–City View,Wayland Heights,,Downtown Indianapolis,Purnell,East Elliott,,,Mill River,Key Coalition,Lincoln Village,,Mitchell Street,Mt. Airy,,,,,Hyde Park Historic District,,West Las Vegas,,,Lakewood,Lindley Park,,Neptune Beach,Douglass Loop,Douglas
Hudson Square,Downtown,Electchester,Melrose,Greenridge,Bunker Hill,Gage Park,East Passyunk Crossing,,Ridgemont,North End,Cleveland Park,Candler Park,Port Houston,Jeffries,,Hawthorne Hills,Fern Cliff,Longfellow,Lummus Park,Clayton,,,,Fox Park,Far Southwest,Summer Hill,Woodcrest,,Drexel Gardens,Reisterstown Station,Egger Highlands,,,Newhallville,Knoches Park,Linden,,Tippecanoe,Mt. Auburn,,,,,Montopolis,,,,,Lamberts Point,Starmount,,,Downtown,Frayser
Hudson Yards,Dumbo,Elmhurst,Morrisania,Grymes Hill,Cahuenga Pass,Galewood,FDR Park,,San Antonio,Readville,Colony Hill,Druid Hills,Rice Military,Midtown,,Industrial District,Florence Villa,Seward,Midtown,Cole,,,,Franz Park,Forest Park,Troy Hill,University Park,,Eagle Creek,Towanda-Grantley,El Cerrito,,,New Haven Green,Leeds,Mount Vernon,,Town of Lake,Mt. Lookout,,,,,Moore's Crossing Historic District,,,,,Larrymore Lawns,Starmount Forest,,,Edgewood,Hollywood
Inwood,Dyker Heights,Far Rockaway,Morris Heights,Hamilton Park,Canoga Park,Garfield Ridge,Girard Estate,,Seminary,Roslindale,Forest Hills,East Atlanta,Richmond Strip,Midtown Woodward,,Interbay,Forest Hills,Harrison,MiMo District,Elyria-Swansea,,,,Gate District,Foster-Powell,Washington's Landing,North Hills,,Eagledale,West Hill Square,Emerald City,,,Prospect Hill,Mount Cleveland,Murray Hill,,Walker's Point,Mt. Washington,,,,,Mueller Community,,,,,Lindenwood,Wedgewood,,,Gardiner Lane,New Chicago
Kips Bay,East Flatbush,Floral Park,Morris Park,Heartland Village,Canterbury Knolls,Gold Coast,Grays Ferry,,Sequoyah Heights,Roxbury,Foxhall,East Lake,Robindell,Sugar Hill,,International District,Gandy-Sun Bay South,Hawthorne,Morningside,Five Points,,,,Gravois Park,Glenfair,South Side Flats,Crabtree Valley,,Eastgate,West Forest Park,Gateway,,,Quinnipiac Meadows,Oak Park,Near East Side,,The East Side,North Avondale,,,,,North Shoal Creek,,,,,Lochhaven,Sunset Hills,,,Germantown,Scutterfeld
Koreatown,East New York,Flushing,Mott Haven,Huguenot,Carthay,Greater Grand Crossing,Greenwich,,Sobrante Park,South Bay,Friendship Heights,Edgewood,Royal Oaks Country Club,University-Cultural Center,,Lake City ,Golf View,Jordan,Omni,Globeville,,,,Greater Ville,Goose Hollow,South Side Slopes,Brookhaven,,Emerson Heights,Windsor Hills,Golden Hill,,,Quinnipiac River Village,Palestine,Northwood Park,,Brady Street,North Fairmount,,,,,Northwest Hills,,,,,Meadowbrook,The Cardinal,,,Hallmark,Hyde Park
Lenox Hill,East Williamsburg,Flushing Chinatown,North Bronx,Lighthouse Hill,Central-Alameda,Greektown,Hawthorne,,Bushrod Park,South Boston,Glover Park,Grant Park,Scenic Woods,Wayne State University,,Cedar Park,Grant Park,Near North,Overtown,North Park Hill,,,,Hamilton Heights,Grant Park,Allentown,Brentwood,,Fall Creek Place,Woodmere,Grant Hill,,,Trowbridge Square,Parkview,Old North Columbus,,East Village,Northside,,,,,Oak Hill,,,,,North Ghent,Guilford College,,,Hawthorne,Smokey City
Le Petit Senegal,Farragut,Forest Hills,Norwood,Livingston,Central City,Hegewisch,Italian Market,,Golden Gate,South End,Kent,Inman Park,Settegast,Warren-Prentis,,Matthews Beach,Gray Gables,Sumner-Glenwood,Park West,South Park Hill,,,,The Hill,Hayden Island,Arlington,Brier Creek,,Five Points,Abell,Harbor Island,,,Upper State Street,Riss Lake,Old Oaks,,Murray Hill,Oakley,,,,,Old West Austin,,,,,Norview,Westerwood,,,Hayfield Dundee,University Street Neighborhood
Liberty Island,Fiske Terrace,Forest Hills Gardens,Olinville,Manor Heights,Century City,Hermosa,Little Saigon,,Koreatown,West End,Massachusetts Heights,Kirkwood,Shadyside,West Canfield,,Meadowbrook,Harvey Heights,Willard-Hay,Riverside,Skyland,,,,Hi-Pointe,Hayhurst,Arlington Heights,Stonehenge,,Fletcher Place,Bellona-Gittings,Harborview,,,Westville,Santa Fe,Olde Towne East,,Riverwest,Over-the-Rhine,,,,,Onion Creek,,,,,Ocean View,Lake Daniel,,,Hazelwood,Raleigh
Lincoln Square,Flatbush,Fresh Meadows,Parkchester,Mariners Harbor,Chatsworth,Homan Square,Lower Moyamensing,,Longfellow,West Roxbury,McLean Gardens,Lake Claire,Sharpstown,Willis-Selden,,Olympic Hills,Highland Pines,Diamond Lake,San Marco Island,Whittier,,,,Holly Hills,Hazelwood,Banksville,Falls River,,Fountain Square,Better Waverly,Hillcrest,,,West Chapel District,Sheraton Estates,Olentangy West,,Beerline B,Paddock Hills,,,,,Rainey Street,,,,,Park Place,,,,Highland Park - Defunct,Binghampton
Little Germany,Flatlands,Fresh Pond,Pelham Bay,Meiers Corners,Chesterfield Square,Humboldt Park,Marconi Plaza,,Piedmont Avenue,,North Cleveland Park,Lindridge?Martin Manor,Shenandoah,Woodbridge,,Victory Heights,Historic Hyde Park North,Ericsson,Shenandoah,Cherry Creek,,,,Hyde Park,Healy Heights,Beechview,North Ridge Country Club,,Gallaudet Station,Barclay,Horton Plaza,,,West Hills,Stayton Meadows,Riverbend,,Avenues West,Pendleton,,,,,Rosedale,,,,,Poplar Halls,,,,Highlands,Berryhill
Little Italy,Fort Greene,Glendale,Pelham Gardens,Mid-Island,Cheviot Hills,Hyde Park,Moyamensing,,Rockridge,,Observatory Circle,Morningside?Lenox Park,Southampton,Woodward East,,Laurelhurst,Harbour Island,Field,Shorecrest,Denver International Airport,,,,JeffVanderLou,Hillsdale,Beltzhoover,North Ridge,,Garfield Park,Cameron Village,Kearny Mesa,,,West River,Sterling Acres,San Margherita,,University Hill,Pleasant Ridge,,,,,Saint John,,,,,Riverview,,,,Hikes Point,Bridgewater
Little Spain,Fort Hamilton,Glen Oaks,Pelham Parkway,Midland Beach,Chinatown,Irving Park,Newbold,,Santa Fe,,The Palisades,Oakland,Southcrest,Woodward Avenue,,Leschi,Hunter's Green,Hale,Silver Bluff,Gateway / Green Valley Ranch,,,,Kings Oak,Hillside,Bon Air,Summerfield,,Geist,Cedarcroft,Kensington,,,West Rock,Sterling Gardens,Short North,,Cold Spring Park,Price Hill,,,,,Shadow Lawn Historic District,,,,,Sewell's Point,,,,Irish Hill,Cordova
Little Syria,Fulton Ferry,Hamilton Beach,Port Morris,New Brighton,Civic Center,Jefferson Park,Packer Park,,Temescal,,Potomac Heights,Old Fourth Ward,Southgate,Alden Park,,Lower Queen Anne,Interbay,Nokomis East ,Spring Garden,Montbello,,,,Kingsway East,Hollywood,Brookline,North Pointe,,Glendale,Charles North,La Jolla,,,Whalley District,Vineyard,South End,,Concordia,Queensgate,,,,,Sixth Street,,,,,Sewell's Garden,,,,Iroquois,Countrywood
Loisaida,Georgetown,Hammels,Riverdale,New Dorp,"Core, Historic",Kenwood,Passyunk Square,,Acorn,,Spring Valley,Ormewood Park,Stablewood,Arden Park-East Boston,,Madison Park,Live Oaks Square,Keewaydin,The Roads,Northeast Park Hill,,,,Kingsway West,Homestead,Carrick,Thorpshire,,Golden Hill Historic District,Charles Village,La Jolla Village,,,Wooster Square,Vineyard Estates,University District,,Enderis Park,Riverside,,,,,South Congress,,,,,Shoop Park,,,,Iroquois Park,Eads
Lower East Side,Gerritsen Beach,Hillcrest,Schuylerville,New Springville,Crenshaw,Lake View,Pennsport,,Cypress Village,,Tenleytown,Piedmont Heights,St. George Place (Lamar Terrace),Atkinson Avenue,,Madison Valley,Lowry Park,Minnehaha,Upper Eastside,Stapleton,,,,Kosciusko,Hosford-Abernethy,Chatham Village,Tealbriar,,Greenbriar,Chinquapin Park-Belvedere,Torrey Pines,,,Yale Main Campus,Vineyard,Victorian Village,,Kops Park,Roselawn,,,,,South Lamar,,,,,Talbot Park,,,,Jacobs,Fisherville
Lower Manhattan,Gowanus,Hollis,Silver Beach,North Shore,Crestwood Hills,Lincoln Park,Point Breeze,,Dogtown,,Wakefield,Poncey-Highland,Sunset Terrace/Montclair,Boston-Edison,,Madrona,Lowry Park North,Morris Park,Venetian Islands,Auraria,,,,Lafayette Square,Humboldt,Knoxville,Stonebridge,,Haughville,Cold Spring,Village of La Jolla,,,Yale Medical Campus,Washington-Wheatley,Westgate,,Grantosa Heights,Sayler Park,,,,,South River City,,,,,Tidewater Park,,,,Kenwood Hill,Pisgah
Madison Square,Gravesend,Hollis Hills,Soundview,Oakwood,Cypress Park,Lincoln Square,Queen Village,,Ghost Town,,Wesley Heights,Reynoldstown,Tanglewood,Henry Ford Hospital,,Madrona Valley,Maryland Manor,Wenonah,Virginia Key,Berkeley,,,,LaSalle Park,Irvington,Lincoln Place,Wood Valley,,Herron-Morton Place Historic District,Village of Cross Keys,Lake Murray,,,,Wendell Phillips,Woodland,,Martin Drive,Sedamsville,,,,,Spyglass-Barton's Bluff,,,,,Titustown,,,,Klondike,Sycamore View
Manhattan Valley,Greenpoint,Holliswood,South Bronx,Ocean Breeze,Del Rey,Little Italy,Schuykill,,Lower Bottoms,,Woodland Normanstone,Summerhill,University Oaks,New Amsterdam,,Magnolia,New Suburb Beautiful,Northrop,Watson Island,Chaffee Park,,,,Lewis Place,Kenton,Mt. Oliver,Tadlock Plantation,,Holy Cross,Cylburn,Linda Vista,,,,Center City,,,Merrill Park,South Cumminsville,,,,,Swedish Hill,,,,,Villa Heights,,,,Limerick,Wolfchase
Manhattanville,Greenwood Heights,Howard Beach,Spuyten Duyvil,Old Place,Downtown,Little Village,Southwark,,Oakland Point,,Woodley Park,Sweet Auburn,Walnut Bend,New Center,,Montlake,North Bon Air,Page,West Flagler,Highland,,,,Lindenwood Park,Kerns,Mt. Washington,Crossgate,,Homecroft,Edgecomb,Logan Heights,,,,Coleman Highlands,,,Piggsville,South Fairmount,,,,,Tarrytown,,,,,Wards Corner Business District,,,,Merriwether,° Bear Wallow
Marble Hill,Highland Park,Howard Park,Throggs Neck,Old Town,Eagle Rock,Logan Square,Southwest Center City,,Claremont,,Barnaby Woods,Virginia-Highland,Westbury,Piquette Avenue,,Mount Baker,Northeast Community,Regina,Wynwood,Jefferson Park,,,,Marine Villa,King,Overbrook,Bent Tree,,Hillside,Ednor Gardens-Lakeside,Marston Hills,,,,Hanover Place,,,Mount Mary,Spring Grove Village,,,,,Travis Heights,,,,,West Freemason,,,,Old Louisville,Westwood
Marcus Garvey Park,Homecrest,Hunters Point,Tremont,Pleasant Plains,East Gate Bel Air,The Loop,Sports Complex,,Montclair,,Brightwood,Amal Heights,West End,Virginia Park,,New Holly,North Hyde Park,Audubon Park,,Regis,,,,Mark Twain,Laurelhurst,Saint Clair,Wakefield Plantation,,Historic Meridian Park,Evergreen,Memorial,,,,Hyde Park,,,Story Hill,Walnut Hills,,,,,West Campus,,,,,Willoughby Spit,,,,Original Highlands,Riverside
Meatpacking District,Kensington,Jackson Heights,University Heights,Port Ivory,East Hollywood,Magnificent Mile,Tasker,,Piedmont Pines,,Brightwood Park,Benteen Park,West Oaks,Woodward Avenue,,Northgate ,North Tampa,Beltrami,,Sloan Lake,,,,Mark Twain/I-70 Industrial,Lents,Central Oakland,Westlake,,Homecroft,Mid-Govans,Midtown,,,,Manheim Park,,,Walnut Hill,West End,,,,,Westgate,,,,,Young Terrace,,,,Paristown Pointe,Whitehaven
Midtown Manhattan,Lapskaus Boulevard,Jamaica,Van Cortlandt Village,Port Richmond,Echo Park,McKinley Park,West Passyunk,,Oakmore,,Chevy Chase,Betmar LaVilla,Westwood,Chaldean Town,,Haller Lake,Northview Hills,Bottineau,,Sunnyside,,,,McKinley Heights,Linnton,North Oakland,Leesville,,Indiana Avenue,Glen Oaks,Mira Mesa,,,,Mount Hope,,,Washington Heights,Westwood,,,,,West Line,,,,,,,,,Park DuValle,French Fort
Morningside Heights,Madison,Jamaica Estates,Van Nest,Prince's Bay,Edendale,Montclare,Wharton,,Joaquin Miller Park,,Colonial Village,Blair Villa/Poole Creek,Westmoreland,Detroit Golf Club,,Licton Springs,Oakford Park,Columbia Park,,West Highland,,,,Midtown,Lloyd District,Panther Hollow,Dominion Park,,Indianapolis Cultural Districts,Greenspring,Miramar,,,,"Old Hyde Park Historic District, Inc.",,,Washington Park,Winton Hills,,,,,Willow-Spence Streets,,,,,,,,,Park Hill,Lakeview Gardens
Murray Hill,Manhattan Beach,Jamaica Hills,Wakefield,Randall Manor,El Sereno,Morgan Park,Whitman,,Mountain View Cemetery,,Crestwood,Boulevard Heights,Willow Meadows,State Fairgrounds,,Maple Leaf,Oak Park,Holland,,College View / South Platte,,,,Mount Pleasant,Madison South,South Oakland,Durant Trails,,Irish Hill,Guilford,Miramar Ranch North,,,,Old Westport,,,East Town,,,,,,Windsor Hills,,,,,,,,,Parkland,Boxtown
NoHo,Mapleton,Kew Gardens,West Bronx,Richmondtown,Elysian Heights,Mount Greenwood,Wilson Park,,Sequoyah Heights,,Hawthorne,Browns Mill Park,Willowbend,Green Acres,,Pinehurst,Old Seminole Heights,Logan Park,,Overland,,,,Near North Riverfront,Maplewood,West Oakland,Millbrook,,Irvington,Hampden,Mission Beach,,,,Plaza Westport,,,Menomonee River Valley,,,,,,Windsor Park,,,,,,,,,Phoenix Hill,Walker Homes
Nolita,Marine Park,Kew Gardens Hills,West Farms,Richmond Valley,Elysian Park,Near North Side,Angora,,Panoramic Hill,,Manor Park,Chosewood Park,Windsor Village,Highland Park,,Phinney Ridge,Palma Ceia,Marshall Terrace,,Platte Park,,,,North Hampton,Markham,Alpha Terrace Historic District,New Hope,,Julietta,Harwood,Mission Hills,,,,Roanoke,,,Historic Third Ward,,,,,,Wooten,,,,,,,,,Poplar Level,Mallory Heights
NoMad,Midwood,Koreatown,Williamsbridge,Rosebank,Elysian Valley,Near West Side,Bartram Village,,Sheffield Village,,Petworth,Custer/McDonough/Guice,Woodland Heights,Martin Park,,Pioneer Square,Palma Ceia West,Northeast Park,,Rosedale,,,,North Point,Marshall Park,Bedford Dwellings,Quail Hollow,,Keystone at the Crossing,Hoes Heights,Mission Valley,,,,Southmoreland,,,Westown,,,,,,Zilker,,,,,,,,,Portland,Coro Lake
Peter Cooper Village,Mill Basin,Laurelton,Woodlawn,Rossville,Encino,New City,Clearview,,,,Queens Chapel,Englewood Manor,,Palmer Park,,Portage Bay,Palmetto Beach,Sheridan,,University,,,,North Riverfront,Mill Park,Bloomfield,Quail Meadows,,Kessler Green,Homeland,Morena,,,,Squier Park,,,,,,,,,,,,,,,,,,Prestonia - Defunct,Capleville
Pomander Walk,Navy Yard,LeFrak City,,St. George,"Ethiopia, Little",North Park,Eastwick,,,,Riggs Park,Glenrose Heights,,Palmer Woods,,Queen Anne,Parkland Estates,St. Anthony East,,University Hills,,,,O'Fallon,Montavilla,Central Lawrenceville,Quail Ridge,,Lafayette Square,Homewood Campus of Johns Hopkins University,Navajo,,,,Valentine,,,,,,,,,,,,,,,,,,Rockcreek-Lexington Road,Fox Meadows
Radio Row,New Lots,Linden Hill,,Sandy Ground,Exposition Park,Oakland,Elmwood Park,,,,Shepherd Park,High Point,,Sherwood Forest,,Rainier Valley ,Port Tampa,St. Anthony West,,University Park,,,,Old North St. Louis,Mt. Scott-Arleta,Crawford-Roberts,Falls Church,,Lawrence ,Kenilworth Park,Allied Gardens,,,,Volker,,,,,,,,,,,,,,,,,,Russell,Hickory Hill
Randalls Island,New Utrecht,Lindenwood,,Shore Acres,Faircrest Heights ,O'Hare,Hedgerow,,,,Sixteenth Street Heights,Joyland,,University District,,Brighton,Rattlesnake,Waite Park,,Washington Park,,,,Patch,Mt. Tabor,Duquesne Heights,Fairfax Hills,,Little Flower,Kernewood,Del Cerro,,,,Westport,,,,,,,,,,,,,,,,,,Saint Joseph,Castalia
Roosevelt Island,Ocean Hill,Little Egypt,,Silver Lake,Fairfax,Old Town,Hog Island,,,,Takoma,Lakewood,,University of Detroit Mercy,,Columbia City,Rembrandt Gardens,Windom Park,,Washington Park West,,,,Peabody–Darst–Webbe,Multnomah,East Hills,Lakemont,,Lockerbie Square Historic District,Keswick,Grantville,,,,Forgotten Homes,,,,,,,,,,,,,,,,,,Schnitzelburg,Riverdale
Rose Hill,Ocean Parkway,Little Neck,,South Beach,Fashion District,Pilsen,Kingsessing,,,,Arboretum,Lakewood Heights,,Chandler Park,,Dunlap,Ridgewood Park,East Phillips,,Wellshire,,,,Penrose,North Tabor,East Liberty,Hickory Hills,,Lockefield Gardens,Lake Evesham,San Carlos,,,,Independence Plaza,,,,,,,,,,,,,,,,,,Shawnee,Orange Mound
San Juan Hill,Park Slope,Locust Manor,,South Shore,"Filipinotown, Historic",Printer's Row,Mount Moriah,,,,Bloomingdale,Leila Valley,,Conant Gardens,,Hillman City,River Arts District,Midtown Phillips,,Goldsmith,,,,Princeton Heights,Northwest District,Four Mile Run,Summit Ridge,,Mapleton-Fall Creek,Lake Walker,Nestor,,,,Indian Mound,,,,,,,,,,,,,,,,,,Shelby Park,Parkway Village
SoHo,Plumb Beach,Long Island City,,Stapleton,Financial District,Pullman,Paschall,,,,Brentwood,Norwood Manor,,East English Village,,Rainier Beach,Riverbend,Phillips West,,Hampden,,,,Riverview,Northwest Heights,Friendship,Lake Park,,Mars Hill,Levindale,Normal Heights,,,,Lykins,,,,,,,,,,,,,,,,,,Smoketown,Southwind
South Street Seaport,Prospect Heights,Malba,,Stapleton Heights,Florence,River North,Penrose,,,,Brookland,Orchard Knob,,Fox Creek,,Ravenna,Rivercrest,Ventura Village,,Hampden South,,,,Shaw,Northwest Industrial,Garfield,Village on the Green,,Massachusetts Avenue,Loyola-Notre Dame,North City,,,,Northeast Industrial District,,,,,,,,,,,,,,,,,,South Louisville,Oakhaven
South Village,Prospect Lefferts Gardens,Maspeth,,Sunnyside,Flower District,Riverdale,PHL,,,,Carver Langston,Polar Rock,,Greenbriar,,Roosevelt,River Grove,Bancroft,,Kennedy,,,,Skinker–DeBaliviere,Old Town Chinatown,Glen Hazel,Springdale/Leesville,,Meridian Hills ,Mid-Charles,North Park,,,,Paseo West,,,,,,,,,,,,,,,,,,Southland Park,
Stuyvesant Square,Prospect Park South,Meadowmere,,Todt Hill,Franklin Hills,Robert Taylor Homes,Southwest Schuylkill,,,,Eckington,Rebel Valley Forest,,Grixdale,,Sand Point,Riverside Heights,Bryant,,Southmoor Park,,,,Soulard,Overlook,Greenfield,Coachmans Trail,,Meridian Woods Park,Mid-Govans,North Clairemont,,,,Pendleton Heights,,,,,,,,,,,,,,,,,,Southside,
Stuyvesant Town,Red Hook,Middle Village,,Tompkinsville,Gallery Row,Rogers Park,Avenue of Technology,,,,Edgewood,Rosedale Heights,,Hamtramck,,Seward Park,Robles Park,Central,,Bear Valley,,,,Southampton,Parkrose,Hays,Pinecrest,,Meridian-Kessler,Mount Washington,Oak Park,,,,Scarritt Point,,,,,,,,,,,,,,,,,,Standiford - Defunct,
Sugar Hill,Sea Gate,Murray Hill,,Tottenville,Garvanza,Sauganash,Belmont Village,,,,Fort Lincoln,South Atlanta,,Highland Heights-Stevens' Sub.,,SoDo,Soho District,Corcoran,,Fort Logan,,,,Southwest Garden,Parkrose Heights,Hazelwood,Oak Park,,Mickleyville,Medfield,Ocean Beach,,,,Sheffield,,,,,,,,,,,,,,,,,,Taylor-Berry,
Sutton Place,Sheepshead Bay,Neponsit,,Tottenville Beach,Glassell Park,South Chicago,Carroll Park,,,,Fort Totten,South River Gardens,,Krainz Woods,,South Lake Union,South Seminole Heights,Lyndale,,Harvey Park,,,,St. Louis Hills,Pearl District,Highland Park,Olde Raleigh,,Mozel Sander Projects,New North Roland Park-Poplar Hill,Ocean Crest,,,,Antioch Acres,,,,,,,,,,,,,,,,,,Tyler Park,
Sylvan,South Slope,North Corona,,Travis,Gramercy Park,South Deering,Cathedral Park,,,,Gateway,State Facility,,Milwaukee Junction,,South Park,Southeast Seminole Heights,Powderhorn Park,,Harvey Park South,,,,St. Louis Place,Piedmont,Homewood North,Westover,,New Augusta,Oakenshawe,Ocean View Hills,,,,Barry Harbour,,,,,,,,,,,,,,,,,,Wilder Park,
Tenderloin,Starrett City,North Shore Towers,,Ward Hill,Granada Hills,South Shore,Centennial District,,,,Ivy City,Swallow Circle/Baywood,,La Salle College Park,,Squire Park,Southern Pines,Standish,,Marston,,,,Tiffany,Pleasant Valley,Homewood South,Laurel Hills,,Nora,The Orchards,Old Town,,,,Barry Woods/ Park Hill,,,,,,,,,,,,,,,,,,Wyandotte,
Theater District,Stuyvesant Heights,Oakland Gardens,,Westerleigh,Green Meadows,Streeterville,Cedar Park,,,,Langdon,The Villages at Carver,,Mohican Regent,,University District,South Nebraska,Whittier,,Athmar Park,,,,Tower Grove East,Portsmouth,Homewood West,Umstead,,Normandy Farm,Pen Lucy,Otay Mesa,,,,Birmingham Bottoms,,,,,,,,,,,,,,,,,,Buechel,
Times Square,Sunset Park,Old Howard Beach,,West New Brighton,Griffith Park,Ukrainian Village,Cobbs Creek,,,,Michigan Park,Thomasville Heights,,MorningSide,,University Village,South Westshore,Armatage,,Barnum,,,,Tower Grove South,Powellhurst-Gilbert,Larimer,Tysonville,,North Crows Nest,Radnor-Winston,Otay Mesa West,,,,Bradford Place,,,,,,,,,,,,,,,,,,Fairdale,
Tribeca,The Hole,Ozone Park,,West Shore,Hancock Park,Uptown,Dunlap,,,,North Michigan Park,Woodland Hills,,North End,,View Ridge,Sulphur Springs,East Harriet,,Barnum West,,,,Vandeventer,Reed,Lincoln–Lemington–Belmar,Asbury,,"Northern Estates, Wolfington on Kessler",Remington,Pacific Beach,,,,Breen Hills,,,,,,,,,,,,,,,,,,Fern Creek,
Tudor City,Victorian Flatbush,Pomonok,,Willowbrook,Harbor City,Washington Heights,Garden Court,,,,Pleasant Hill,Adair Park,,Osborn,,Wallingford ,Sunset Park,Fulton,,Mar Lee,,,,The Ville,Richmond,Lower Lawrenceville,Medfield,,Oaklandon,Richnor Springs,Pacific Highlands Ranch,,,,Briarcliff,,,,,,,,,,,,,,,,,,Highview,
Turtle Bay,Vinegar Hill,Queensboro Hill,,Woodrow,Harbor Gateway,Washington Park,Haddington,,,,Queens Chapel,Adams Park,,Pulaski,,Meridian,Swann Estates,Kenny,,Ruby Hill,,,,Visitation Park,Rose City Park,Middle Hill,Trinity Woods,,Old Northside,Roland Park,Palm City,,,,Briarcliff West,,,,,,,,,,,,,,,,,,Newburg,
Two Bridges,Wallabout,Queensbridge,,,Harvard Heights,West Elsdon,Haverford North,,,,Stronghold-Metropolis View,Adamsville,,Ravendale,,Northlake,Tampa Overlook,King Field,,Sun Valley,,,,Walnut Park East,Roseway,Morningside,Brandywine,,Park 100,Rosebank,Point Loma,,,,Chaumiere,,,,,,,,,,,,,,,,,,Okolona,
Union Square,Weeksville,Queens Village,,,Harvard Park,West Ridge,Mantua,,,,Trinidad,Arlington Estates,,Regent Park,,Washington Park,Tampa Palms,Linden Hills,,Valverde,,,,Walnut Park West,Russell,New Homestead,Renaissance Park,,Park Lafayette,Sabina Mattefeldt,La Playa,,,,Chouteau Estates,,,,,,,,,,,,,,,,,,Pleasure Ridge Park,
Upper East Side,White Sands,Ramblersville,,,Hermon,West Town,Mill Creek,,,,Truxton Circle,Ashley Collegetown,,Van Steuban,,Wedgwood,Temple Crest,Lynnhurst,,Villa Park,,,,Wells/Goodfellow,Sabin,North Point Breeze,Southall,,Poplar Grove,Tuscany-Canterbury,Loma Portal,,,,Claymont,,,,,,,,,,,,,,,,,,Saint Dennis,
Upper Manhattan,Williamsburg,Ravenswood,,,Highland Park,Wicker Park,Overbrook,,,,Woodridge,Ashley Courts,,Eastern Market,,Westlake,Terrace Park,Tangletown,,West Colfax,,,,West End,St. Johns,Point Breeze,Hedingham,,"Post Road, Indianapolis",Wilson Park,Midway,,,,Claymont North,,,,,,,,,,,,,,,,,,Valley Station,
Upper West Side,Windsor Terrace,Rego Park,,,Historic Core,Woodlawn,Overbrook Farms,,,,Barney Circle,Ashview Heights,,Forest Park,,West Seattle,University Square,Windom,,Westwood,,,,Wydown/Skinker,Sellwood-Moreland,Polish Hill,Skycrest Village,,Ransom Place,Winston-Govans,Point Loma Heights,,,,Clayton,,,,,,,,,,,,,,,,,,Ashville (Glenmary),
Wards Island,Wingate,Richmond Hill,,,Hollywood,Wrigleyville,Overbrook Park,,,,Capitol Hill,Atlanta University Center,,Poletown East,,Windermere,V.M. Ybor,Cedar-Riverside,,Alamo Placita,,,,,South Burlingame,Regent Square,Wilder's Grove,,Ravenswood,Woodberry,Roseville-Fleetridge,,,,Colonial Square,,,,,,,,,,,,,,,,,,Avoca,
Washington Heights,Wyckoff Heights,Ridgewood,,,Hollywood Dell,Altgeld Gardens,Parkside,,,,Judiciary Square,Audubon Forest,,Barry Sub.,,Yesler Terrace,Virginia Park,Como,,Burns Brentwood,,,,,South Portland,Shadyside,Southgate,,Riverside,Woodbourne Heights,Sunset Cliffs,,,,Cooley Highlands,,,,,,,,,,,,,,,,,,Beckley (Lake Forest),
Waterside Plaza,,Rochdale,,,Hollywood Hills,Armour Square,Powelton Village,,,,Kingman Park,Audubon Forest West,,Belle Isle Park,,,Wellswood,Marcy-Holmes,,Crestmoor,,,,,South Tabor,Squirrel Hill,Walnut Creek,,Rocky Ripple ,Woodbourne-McCabe,Wooded Area,,,,Country Club Estates-Big Shoal,,,,,,,,,,,,,,,,,,Beechland Beach,
West Village,,Rockaway,,,Hollywood Hills West,Big Oaks,Saunders Park,,,,Navy Yard,Baker Hills,,Conner Creek,,,West Hyde Park,Nicollet Island/East Bank,,Curtis Park,,,,,Southwest Hills,Stanton Heights,Lake Wheeler,,Rural-Sherman,Wyman Park,Rancho Bernardo,,,,Coves North,,,,,,,,,,,,,,,,,,Berrytown,
Yorkville,,Rockaway Beach,,,Holmby Hills,Bowmanville,Spruce Hill,,,,Near Northeast,Bakers Ferry,,East Grand Boulevard,,,West Meadows,Prospect Park,,Golden Triangle,,,,,Sullivan's Gulch,Swisshelm Park,Swift Creek,,Saddle Brook,Wyndhurst,Rancho Encantada,,,,Crestview Homes Association 1,,,,,,,,,,,,,,,,,,Bethany,
,,Rockaway Park,,,Hyde Park,Boystown,Squirrel Hill,,,,NoMa,Beecher Hills,,East Jefferson Avenue,,,West Tampa,University,,Hampden Heights,,,,,Sumner,Terrace Village,Rhamkatte,,Saddle Brook South,Arcadia,Rancho Peñasquitos,,,,Davidson,,,,,,,,,,,,,,,,,,Boston,
,,Rockwood Park,,,Jefferson Park,Budlong Woods,University City,,,,Southwest Waterfront,Ben Hill,,East Village,,,Bowman Heights,Dinkytown,,LoDo,,,,,Sunderland,Upper Hill,Parkland,,St. Clair Place,Armistead Gardens,Redwood Village,,,,Dearfield,,,,,,,,,,,,,,,,,,Clark Station,
,,Rosedale,,,Jewelry District,Buena Park,Walnut Hill,,,,Sursum Corda,Ben Hill Acres,,Eastside Cemetery,,,MacFarlane Park,Downtown,,Mayfair,,,,,Sunnyside,Upper Lawrenceville,Biltmore Hills,,Southport,Belair-Edison,Rolando,,,,Foxwoods-Carriage Hills,,,,,,,,,,,,,,,,,,Eastwood,
,,Roxbury,,,Kinney Heights,Canaryville,Woodland Terrace,,,,Swampoodle,Ben Hill Forest,,Elmwood Park,,,Marina Club,Eat Street,,Parkfield,,,,,Sylvan-Highlands,Chartiers,Carolina Pines,,Speedway ,Belair-Parkside,Rolando Park,,,,Gashland,,,,,,,,,,,,,,,,,,English Station,
,,St. Albans,,,Koreatown,Central Station,Wynnefield,,,,Benning,Ben Hill Pines,,English Village,,,Northeast Macfarlane,50th & France,,,,,,,University Park,Crafton Heights,Trailwood,,Springdale,Beverly Hills,Sabre Springs,,,,Glenhaven,,,,,,,,,,,,,,,,,,Fairmount,
,,Seaside,,,Lafayette Square,Chicago Lawn,Wynnefield Heights,,,,Benning Heights,Ben Hill Terrace,,Gold Coast,,,Old West Tampa,Lyn-Lake,,,,,,,Vernon,East Carnegie,,,Spring Hill ,Cedmont,San Pasqual Valley,,,,Gracemor-Randolph Corners,,,,,,,,,,,,,,,,,,Fisherville,
,,South Jamaica,,,Lake Balboa,Chrysler Village,Belfield,,,,Benning Ridge,Boulder Park,,Indian Village,,,West Riverfront,Midtown,,,,,,,West Portland Park,Elliott,,,Traders Point,Cedonia,San Ysidro,,,,Greenwood,,,,,,,,,,,,,,,,,,Freys Hill (Springhurst),
,,South Ozone Park,,,Lake View Terrace,East Garfield Park,Brewerytown,,,,Burrville,Brentwood,,Islandview,,,Westshore Palms,Mills District,,,,,,,Wilkes,Esplen,,,Twin Brooks,Christopher,Scripps Ranch,,,,Harlem,,,,,,,,,,,,,,,,,,Goose Creek,
,,Springfield Gardens,,,Larchmont,Edgebrook,Cabot,,,,Capitol View,Briar Glen,,Jefferson-Chalmers,,,Woodland Terrace,Stadium Village,,,,,,,Woodland Park,Fairywood,,,University Heights,Coldstream-Homestead-Montebello,Scripps Miramar Ranch,,,,Highland View,,,,,,,,,,,,,,,,,,Greenwood (Riverport),
,,Sunnyside,,,Laurel Canyon,Fernwood,Callowhill,,,,Central Northeast,Bush Mountain,,Lafayette Park,,,,Uptown,,,,,,,Woodlawn,Oakwood,,,Wanamaker,Claremont-Freedom,Serra Mesa,,,,Hill Haven,,,,,,,,,,,,,,,,,,Griffytown,
,,Sunnyside Gardens,,,Leimert Park,Fuller Park,Fairhill,,,,Civic Betterment,Butner/Tell,,McDougall-Hunt,,,,,,,,,,,Woodstock,Ridgemont,,,Warren Park ,Four by Four,Shelter Island,,,,Holiday Hills,,,,,,,,,,,,,,,,,,Harrods Creek,
,,The Hole,,,Lincoln Heights,Fulton River District,Fairmount,,,,Deanwood,Campbellton Road,,Marina Park,,,,,,,,,,,,Sheraden,,,Washington Place,Frankford,Sherman Heights,,,,Jefferson Highlands,,,,,,,,,,,,,,,,,,Hopewell,
,,Tudor Village,,,Little Armenia,Gladstone Park,Francisville,,,,Dupont Park,Capitol View,,Rivertown,,,,,,,,,,,,Westwood,,,Watson Park Historic District,Gardenville,Sorrento Mesa,,,,KCI,,,,,,,,,,,,,,,,,,Hunters Trace,
,,Utopia,,,Little Ethiopia,Goose Island,Hartranft,,,,East River Heights,Capitol View Manor,,St. John Hospital,,,,,,,,,,,,Windgap,,,West Indianapolis,Glenham-Bedford,Sorrento Valley,,,,Lakeview Terrace,,,,,,,,,,,,,,,,,,Johnsontown,
,,Warnerville,,,Little Tokyo,Grand Boulevard,Ivy Hill,,,,Eastland Gardens,Carroll Heights,,Victoria Park,,,,,,,,,,,,West End,,,West Newton ,Hamilton,South Park,,,,Linden Park,,,,,,,,,,,,,,,,,,Juniper Beach,
,,Whitestone,,,Manchester Square,Groveland Park,Ludlow,,,,Fairfax Village,Cascade Avenue/Road,,West Village,,,,,,,,,,,,North Hills,,,Westwood,Harford-Echodale-Perring Parkway,Southeastern San Diego,,,,Line Creek-Northern Heights,,,,,,,,,,,,,,,,,,Knopp (Knopp-Melton),
,,Willets Point,,,Mandeville Canyon,Heart of Chicago,North Central,,,,Fairlawn,Cascade Green,,Bagley,,,,,,,,,,,,Allegheny,,,Windsor Park,Hillen,Bay Terrace,,,,Maple Park,,,,,,,,,,,,,,,,,,Kosmosdale,
,,Woodhaven,,,Marina Peninsula,Hollywood Park,Northern Liberties,,,,Fort Davis,Cascade Heights,,Belmont,,,,,,,,,,,,South Hills,,,Wholesale District,Hollander Ridge,Encanto,,,,Maple Park West,,,,,,,,,,,,,,,,,,Lake Dreamland,
,,Woodside,,,Mar Vista,Illinois Medical District,Poplar,,,,Fort Dupont,Chalet Woods,,Berg-Lahser,,,,,,,,,,,,Pittsburg,,,Williams Creek ,Idlewood,Alta Vista,,,,Milton,,,,,,,,,,,,,,,,,,Lake Louisvilla,
,,Wyckoff Heights,,,Melrose Hill,Indian Village,Sharswood,,,,Good Hope,Collier Heights,,Brightmoor,,,,,,,,,,,,Beechview,,,Wincome,Lauraville,Broadway Heights,,,,Minneville,,,,,,,,,,,,,,,,,,Lakeland,
,,,,,Mid-City,The Island,South Lehigh,,,,Greenway,Deerwood,,Blackstone Park,,,,,,,,,,,,Carrick,,,Woodruff Place,Loch Raven,Chollas View,,,,Meadowbrook Heights,,,,,,,,,,,,,,,,,,Long Run,
,,,,,Mid-Wilshire,Jeffery Manor,Spring Garden,,,,Hillbrook,East Ardley Road,,Castle Rouge,,,,,,,,,,,,Mount Washington,,,Wynnedale ,Mayfield,Emerald Hills,,,,Nashua,,,,,,,,,,,,,,,,,,Longview,
,,,,,Miracle Mile,Jackowo,Stanton,,,,Hillcrest,Elmco Estates,,Eight Mile Wyoming,,,,,,,,,,,,Overbrook,,,Wenslydale,Mayfield-Montebello,Lincoln Park,,,,New Mark,,,,,,,,,,,,,,,,,,Meadowlawn,
,,,,,Mission Hills,Kilbourn Park,Strawberry Mansion,,,,Kenilworth,Fairburn,,Eliza Howell,,,,,,,,,,,,Temperanceville,,,,Moravia-Walther,South Encanto,,,,Northhaven Gardens,,,,,,,,,,,,,,,,,,Medora,
,,,,,Montecito Heights,K-Town,Templetown,,,,Kingman Park,Fairburn Heights,,The Eye,,,,,,,,,,,,Beltzhoover,,,,Morgan Park,Valencia Park,,,,Outer Gashland-Nashua,,,,,,,,,,,,,,,,,,O'Bannon,
,,,,,Monterey Hills,Kosciuszko Park,Yorktown,,,,Lincoln Heights,Fairburn Road/Wisteria Lane,,Fitzgerald,,,,,,,,,,,,Garfield,,,,North Harford Road,Jamacha-Lomita,,,,Parkdale-Walden,,,,,,,,,,,,,,,,,,Orell,
,,,,,Mount Olympus,Lilydale,Allegheny West,,,,Marshall Heights,Fairburn Tell,,Five Points,,,,,,,,,,,,Allentown,,,,"Northwood, Baltimore",Mountain View,,,,Park Forest,,,,,,,,,,,,,,,,,,Parkwood,
,,,,,Mount Washington,Lower West Side,Franklinville,,,,Mayfair,Fairburn Mays,,Grandmont # 1,,,,,,,,,,,,Knoxville,,,,Overlea,Mt. Hope,,,,Park Hill South/ South Platte,,,,,,,,,,,,,,,,,,Penile,
,,,,,Naud Junction,Margate Park,Glenwood,,,,Naylor Gardens,Fairway Acres,,Grandmont - Rosedale,,,,,,,,,,,,Lower St. Clair Township,,,,Parkside,Paradise Hills,,,,Park Plaza,,,,,,,,,,,,,,,,,,Petersburg,
,,,,,Nichols Canyon,Marquette Park,Hunting Park,,,,Penn Branch,Florida Heights,,LaSalle Gardens,,,,,,,,,,,,St. Clair Township,,,,Perring-Loch,Shelltown,,,,Platte Brook North,,,,,,,,,,,,,,,,,,Plainview,
,,,,,NoHo Arts District,Marshall Square,Nicetown-Tioga,,,,Randle Highlands,Fort McPherson,,Minock Park,,,,,,,,,,,,Oakland,,,,Ramblewood,Skyline,,,,Platte Ridge,,,,,,,,,,,,,,,,,,Prairie Village,
,,,,,North Hills,Mayfair,Olde Kensington,,,,River Terrace,Fort Valley,,NW Goldberg,,,,,,,,,,,,Birmingham,,,,Rosemont Avenue,Southcrest,,,,Platte Woods,,,,,,,,,,,,,,,,,,Riverside Gardens,
,,,,,North Hollywood,Museum Campus,West Kensington,,,,Twining,Green Acres Valley,,Oakman Boulevard,,,,,,,,,,,,,,,,Stonewood-Pentwood-Winston,Stockton,,,,Prairie Point-Wildberry,,,,,,,,,,,,,,,,,,Routt,
,,,,,Northridge,New Chinatown,Bridesburg,,,,Anacostia,Green Forest Acres,,Old Redford,,,,,,,,,,,,,,,,Taylor Heights,Talmadge,,,,Ravenwood-Somerset,,,,,,,,,,,,,,,,,,Rubbertown,
,,,,,North University Park,Noble Square,Fishtown,,,,Barry Farm,Greenbriar,,Petosky-Otsego,,,,,,,,,,,,,,,,Waltherson,Tierrasanta,,,,Riss Lake,,,,,,,,,,,,,,,,,,Seatonville,
,,,,,Old Bank District,North Austin,Harrowgate,,,,Bellevue,Greenbriar Village,,Riverdale,,,,,,,,,,,,,,,,Waverly,Tijuana River Valley,,,,River Forest,,,,,,,,,,,,,,,,,,Smyrna,
,,,,,Outpost Estates,North Center,Kensington,,,,Buena Vista,Hammond Park,,Russell Woods,,,,,,,,,,,,,,,,Westfield,Torrey Highlands,,,,River View,,,,,,,,,,,,,,,,,,South Park,
,,,,,Pacific Palisades,North Halsted,Port Richmond,,,,Congress Heights,Harland Terrace,,Rosedale Park,,,,,,,,,,,,,,,,Wilson Heights,Torrey Hills,,,,Royal Oaks North,,,,,,,,,,,,,,,,,,Springdale,
,,,,,Pacoima,North Lawndale,Andorra,,,,Douglass,Heritage Valley,,Westwood Park,,,,,,,,,,,,,,,,Wilson Park,University City,,,,Sherrydale,,,,,,,,,,,,,,,,,,Sylvania,
,,,,,Palms,North Mayfair,East Falls,,,,Fairlawn,Horseshoe Community,,Aviation,,,,,,,,,,,,,,,,Woodbourne Heights,University Heights,,,,Sherwood Estates,,,,,,,,,,,,,,,,,,Thixton,
,,,,,Panorama City,Old Edgebrook,Manayunk,,,,Garfield Heights,Hunter Hills,,Barton-McFarland,,,,,,,,,,,,,,,,Woodring,Uptown,,,,Shoal Creek,,,,,,,,,,,,,,,,,,Transylvania Beach,
,,,,,Park La Brea,Old Irving Park,Roxborough,,,,Knox Hill,Huntington,,Briggs,,,,,,,,,,,,,,,,Allendale,Webster,,,,Staley Farms,,,,,,,,,,,,,,,,,,Tucker Station,
,,,,,Picfair Village,Old Norwood Park,Wissahickon,,,,Shipley Terrace,Ivan Hill,,Castle Rouge,,,,,,,,,,,,,,,,Bridgeview-Greenlawn,,,,,Tanglewood-Regency North,,,,,,,,,,,,,,,,,,Valley Downs,
,,,,,Pico-Union,Old Town Triangle,Beggarstown,,,,Skyland,Just Us,,Core City,,,,,,,,,,,,,,,,Coppin Heights,,,,,The Coves,,,,,,,,,,,,,,,,,,Valley Gardens,
,,,,,Playa del Rey,Oriole Park,Chestnut Hill,,,,Washington Highlands,Kings Forest,,Fiskhorn,,,,,,,,,,,,,,,,Easterwood,,,,,Winnetonka,,,,,,,,,,,,,,,,,,Valley Village,
,,,,,Playa Vista,Palmer Square,Germantown,,,,Woodland,Lake Estates,,Franklin Park,,,,,,,,,,,,,,,,Edmondson Village,,,,,Winnwood-Sunnybrook,,,,,,,,,,,,,,,,,,Waverly Hills,
,,,,,Porter Ranch,Peterson Park,Morton,,,,,Laurens Valley,,Grandale,,,,,,,,,,,,,,,,Evergreen Lawn,,,,,Winnwood Gardens,,,,,,,,,,,,,,,,,,Whitner,
,,,,,Rancho Park,Pill Hill,Mount Airy,,,,,Magnum Manor,,Herman Gardens,,,,,,,,,,,,,,,,Franklin Square,,,,,Brookside,,,,,,,,,,,,,,,,,,Worthington,
,,,,,Reseda,Portage Park,Wister,,,,,Mays,,Littlefield,,,,,,,,,,,,,,,,Harlem Park,,,,,Countryside,,,,,,,,,,,,,,,,,,Anchorage,
,,,,,Rustic Canyon,Prairie District,Cedarbrook,,,,,Meadowbrook Forest,,Parkland,,,,,,,,,,,,,,,,Heritage Crossing,,,,,Country Club,,,,,,,,,,,,,,,,,,Audubon Park,
,,,,,San Pedro,Polish Village,East Oak Lane,,,,,Mechanicsville,,Hubbard-Richard,,,,,,,,,,,,,,,,Lexington,,,,,Country Club Plaza,,,,,,,,,,,,,,,,,,Bancroft,
,,,,,Reynier Village,Prairie Shores,Feltonville,,,,,Mellwood,,Warrendale,,,,,,,,,,,,,,,,Midtown Edmondson,,,,,Country Club District,,,,,,,,,,,,,,,,,,Barbourmeade,
,,,,,Sawtelle,Princeton Park,Fern Rock,,,,,Midwest Cascade,,Weatherby,,,,,,,,,,,,,,,,Mondawmin,,,,,Park Central-Research,,,,,,,,,,,,,,,,,,Beechwood Village,
,,,,,Shadow Hills,Pulaski Park,Koreatown,,,,,Mt. Gilead Woods,,,,,,,,,,,,,,,,,,Mosher,,,,,West Plaza,,,,,,,,,,,,,,,,,,Bellemeade,
,,,,,Sherman Oaks,Ravenswood,Logan,,,,,Niskey Cove,,,,,,,,,,,,,,,,,,Panway-Braddish,,,,,Westport,,,,,,,,,,,,,,,,,,Bellewood,
,,,,,Silver Lake,Ravenswood Manor,Ogontz,,,,,Niskey Lake,,,,,,,,,,,,,,,,,,Penn-North,,,,,South Plaza,,,,,,,,,,,,,,,,,,Blue Ridge Manor,
,,,,,Skid Row,River West,Olney,,,,,Oakcliff,,,,,,,,,,,,,,,,,,Poppleton,,,,,Sunset Hill,,,,,,,,,,,,,,,,,,Briarwood,
,,,,,Solano Canyon,Roseland,West Oak Lane,,,,,Oakland City,,,,,,,,,,,,,,,,,,Rosemont,,,,,Rockhill,,,,,,,,,,,,,,,,,,Broad Fields,
,,,,,"South Central, Historic",Rosemoor,Burholme,,,,,Old Fairburn Village,,,,,,,,,,,,,,,,,,Sandtown-Winchester,,,,,Westwood Park,,,,,,,,,,,,,,,,,,Broeck Pointe,
,,,,,South Park,Roscoe Village,Castor Gardens,,,,,Old Gordon,,,,,,,,,,,,,,,,,,Upton,,,,,49-63 Coalition,,,,,,,,,,,,,,,,,,Brownsboro Farm,
,,,,,South Robertson,Saint Ben's,Crescentville,,,,,Pomona Park,,,,,,,,,,,,,,,,,,Walbrook,,,,,Armour Fields,,,,,,,,,,,,,,,,,,Brownsboro Village,
,,,,,Spaulding Square,Scottsdale,Fox Chase,,,,,Peoplestown,,,,,,,,,,,,,,,,,,Belvedere,,,,,Armour Hills,,,,,,,,,,,,,,,,,,Cambridge,
,,,,,Studio City,Sheridan Park,Frankford,,,,,Perkerson,,,,,,,,,,,,,,,,,,Bolton Hill,,,,,Bannister Acres,,,,,,,,,,,,,,,,,,Cherrywood Village,
,,,,,Sunland,Smith Park,Holme Circle,,,,,Peyton Forest,,,,,,,,,,,,,,,,,,Charles Center,,,,,Battleflood Heights,,,,,,,,,,,,,,,,,,Coldstream,
,,,,,Sunset Junction,South Lawndale,Holmesburg,,,,,Pittsburgh,,,,,,,,,,,,,,,,,,Charles North,,,,,Boone Hills,,,,,,,,,,,,,,,,,,Creekside,
,,,,,Sun Valley,South Edgebrook,Juniata,,,,,Princeton Lakes,,,,,,,,,,,,,,,,,,Downtown,,,,,Blue Hills Estates,,,,,,,,,,,,,,,,,,Crossgate,
,,,,,Sylmar,Tri-Taylor,Lawndale,,,,,Regency Trace,,,,,,,,,,,,,,,,,,Druid Heights,,,,,Blue Vue Hills,,,,,,,,,,,,,,,,,,Douglass Hills,
,,,,,Tarzana,Union Ridge,Lexington Park,,,,,Ridgecrest Forest,,,,,,,,,,,,,,,,,,Heritage Crossing,,,,,Blue Ridge Farm,,,,,,,,,,,,,,,,,,Druid Hills,
,,,,,Terminal Island,The Villa,Mayfair,,,,,Rue Royal,,,,,,,,,,,,,,,,,,Inner Harbor,,,,,Bridlespur,,,,,,,,,,,,,,,,,,Fairmeade,
,,,,,Thai Town,Waclawowo,Oxford Circle,,,,,Sandlewood Estates,,,,,,,,,,,,,,,,,,Little Korea Town,,,,,Calico Farms,,,,,,,,,,,,,,,,,,Fincastle,
,,,,,"Tokyo, Little",West Beverly,Rhawnhurst,,,,,Southwest,,,,,,,,,,,,,,,,,,Lakeview Towers,,,,,Citadel,,,,,,,,,,,,,,,,,,Forest Hills,
,,,,,Toluca Lake,West Englewood,Ryers,,,,,Summerdale Commons,,,,,,,,,,,,,,,,,,Lexington Terrace,,,,,Coachlight Square,,,,,,,,,,,,,,,,,,Glenview,
,,,,,Toy District,West Garfield Park,Tacony,,,,,Sylvan Hills,,,,,,,,,,,,,,,,,,Madison Park,,,,,Country Lane Estates,,,,,,,,,,,,,,,,,,Glenview Hills,
,,,,,Tujunga,West Lakeview,Wissinoming,,,,,Tampa Park,,,,,,,,,,,,,,,,,,McCulloh Homes,,,,,Crestwood,,,,,,,,,,,,,,,,,,Glenview Manor,
,,,,,University Hills,West Lawn,Academy Gardens,,,,,Underwood Hills,,,,,,,,,,,,,,,,,,Mount Vernon,,,,,Crossgates,,,,,,,,,,,,,,,,,,Goose Creek,
,,,,,University Park,West Loop Gate,Ashton-Woodenbridge,,,,,Venetian Hills,,,,,,,,,,,,,,,,,,Otterbein,,,,,East Swope Highlands,,,,,,,,,,,,,,,,,,Graymoor-Devondale,
,,,,,"University Park, North",West Pullman,Bustleton,,,,,West End h,,,,,,,,,,,,,,,,,,Reservoir Hill,,,,,Fairlane,,,,,,,,,,,,,,,,,,Green Spring,
,,,,,Valley Glen,West Rogers Park,Byberry,,,,,West Manor,,,,,,,,,,,,,,,,,,Ridgely's Delight,,,,,Foxcroft-Glen Arbor,,,,,,,,,,,,,,,,,,Heritage Creek,
,,,,,Valley Village,Wildwood,Crestmont Farms,,,,,Westhaven,,,,,,,,,,,,,,,,,,Seton Hill,,,,,Foxtown East,,,,,,,,,,,,,,,,,,Hickory Hill,
,,,,,Van Nuys,,Millbrook,,,,,Westview,,,,,,,,,,,,,,,,,,Somerset Homes,,,,,Foxtown West,,,,,,,,,,,,,,,,,,Hills and Dales,
,,,,,Venice,,Modena Park,,,,,Westwood Terrace,,,,,,,,,,,,,,,,,,Station North,,,,,Hickman Mills,,,,,,,,,,,,,,,,,,Hollow Creek,
,,,,,Venice Canals,,Morrell Park,,,,,Wildwood,,,,,,,,,,,,,,,,,,Upton,,,,,Hickman Mills South,,,,,,,,,,,,,,,,,,Hollyvilla,
,,,,,Vermont Knolls,,Normandy,,,,,Wildwood Forest,,,,,,,,,,,,,,,,,,"University of Maryland, Baltimore",,,,,Hidden Valley,,,,,,,,,,,,,,,,,,Houston Acres,
,,,,,Vermont-Slauson,,Parkwood,,,,,Wilson Mill Meadows,,,,,,,,,,,,,,,,,,Westside,,,,,Highview Estates,,,,,,,,,,,,,,,,,,Hurstbourne,
,,,,,Vermont Square,,Pennypack,,,,,Wisteria Gardens,,,,,,,,,,,,,,,,,,Armistead Gardens,,,,,Hillcrest,,,,,,,,,,,,,,,,,,Hurstbourne Acres,
,,,,,Vermont Vista,,Somerton,,,,,Almond Park,,,,,,,,,,,,,,,,,,Barclay,,,,,Holmes Park,,,,,,,,,,,,,,,,,,Indian Hills,
,,,,,Victor Heights,,Torresdale,,,,,Atlanta Industrial Park,,,,,,,,,,,,,,,,,,Berea,,,,,Kirkside,,,,,,,,,,,,,,,,,,Jeffersontown,
,,,,,Victoria Park,,Upper Holmesburg,,,,,Bankhead,,,,,,,,,,,,,,,,,,Biddle Street,,,,,Lea Manor,,,,,,,,,,,,,,,,,,Keeneland,
,,,,,Village Green,,Winchester Park,,,,,Bankhead Courts,,,,,,,,,,,,,,,,,,Broadway East,,,,,Legacy East,,,,,,,,,,,,,,,,,,Kingsley,
,,,,,Warner Center,,,,,,,Bolton,,,,,,,,,,,,,,,,,,Darley Park,,,,,Lewis Heights,,,,,,,,,,,,,,,,,,Langdon Place,
,,,,,Watts,,,,,,,Bolton Hills,,,,,,,,,,,,,,,,,,Douglass Homes,,,,,Linden Hills-Indian Heights,,,,,,,,,,,,,,,,,,Lincolnshire,
,,,,,West Adams,,,,,,,Bowen Apartments,,,,,,,,,,,,,,,,,,Dunbar-Broadway,,,,,Little Blue Valley,,,,,,,,,,,,,,,,,,Lyndon,
,,,,,Westchester,,,,,,,Brookview Heights,,,,,,,,,,,,,,,,,,East Baltimore Midway,,,,,Loma Vista,,,,,,,,,,,,,,,,,,Lynnview,
,,,,,Westdale,,,,,,,Carey Park,,,,,,,,,,,,,,,,,,Ellwood Park,,,,,Longview,,,,,,,,,,,,,,,,,,Manor Creek,
,,,,,West Hills,,,,,,,Carver Hills,,,,,,,,,,,,,,,,,,Gay Street,,,,,Marlborough East,,,,,,,,,,,,,,,,,,Maryhill Estates,
,,,,,Westlake,,,,,,,Center Hill,,,,,,,,,,,,,,,,,,Greenmount,,,,,Marlborough Heights,,,,,,,,,,,,,,,,,,Meadowbrook Farm,
,,,,,West Los Angeles,,,,,,,Chattahoochee,,,,,,,,,,,,,,,,,,Johnston Square,,,,,Marlborough Pride,,,,,,,,,,,,,,,,,,Meadow Vale,
,,,,,Westside Village,,,,,,,Dixie Hills,,,,,,,,,,,,,,,,,,Jonestown,,,,,Martin City,,,,,,,,,,,,,,,,,,Meadowview Estates,
,,,,,Westwood,,,,,,,English Avenue,,,,,,,,,,,,,,,,,,Madison-Eastend,,,,,Mission Lake,,,,,,,,,,,,,,,,,,Middletown,
,,,,,Westwood Village,,,,,,,English Park,,,,,,,,,,,,,,,,,,McElderry Park,,,,,Morningside,,,,,,,,,,,,,,,,,,Mockingbird Valley,
,,,,,Whitley Heights,,,,,,,Grove Park,,,,,,,,,,,,,,,,,,Middle East,,,,,Neighbors United For Action,,,,,,,,,,,,,,,,,,Moorland,
,,,,,Wholesale District,,,,,,,Harvel Homes,,,,,,,,,,,,,,,,,,Milton-Montford,,,,,Newcastle,,,,,,,,,,,,,,,,,,Murray Hill,
,,,,,Wilmington,,,,,,,Hills Park,,,,,,,,,,,,,,,,,,Oldtown-Latrobe,,,,,New Santa Fe,,,,,,,,,,,,,,,,,,Norbourne Estates,
,,,,,Wilshire Center,,,,,,,Hunter Hills,,,,,,,,,,,,,,,,,,Oliver,,,,,Noble-Gregory Ridge,,,,,,,,,,,,,,,,,,Northfield,
,,,,,Wilshire Park,,,,,,,Knight Park/Howell Station,,,,,,,,,,,,,,,,,,Orangeville,,,,,Oakwood,,,,,,,,,,,,,,,,,,Norwood,
,,,,,Windsor Square,,,,,,,Monroe Heights,,,,,,,,,,,,,,,,,,Penn-Fallsway,,,,,Oak Meyer Garden,,,,,,,,,,,,,,,,,,Old Brownsboro Place,
,,,,,Winnetka,,,,,,,Mozley Park,,,,,,,,,,,,,,,,,,Pleasant View Gardens,,,,,Park Central-Research Hospital,,,,,,,,,,,,,,,,,,Parkway Village,
,,,,,Woodland Hills,,,,,,,Penelope Neighbors,,,,,,,,,,,,,,,,,,Somerset Holmes-Monument East,,,,,Red Bridge,,,,,,,,,,,,,,,,,,Plantation,
,,,,,Yucca Corridor,,,,,,,Riverside,,,,,,,,,,,,,,,,,,South Clifton Park,,,,,Red Bridge South,,,,,,,,,,,,,,,,,,Plymouth Village,
,,,,,,,,,,,,Rockdale,,,,,,,,,,,,,,,,,,Allendale,,,,,Richards Gebaur,,,,,,,,,,,,,,,,,,Poplar Hills,
,,,,,,,,,,,,Scotts Crossing,,,,,,,,,,,,,,,,,,Beechfield,,,,,Robandee-Fairwood,,,,,,,,,,,,,,,,,,Prospect,
,,,,,,,,,,,,Vine City,,,,,,,,,,,,,,,,,,Bentalou-Smallwood,,,,,Robandee South,,,,,,,,,,,,,,,,,,Richlawn,
,,,,,,,,,,,,Washington Park,,,,,,,,,,,,,,,,,,Booth-Boyd,,,,,Rolling Meadows,,,,,,,,,,,,,,,,,,Riverwood,
,,,,,,,,,,,,West Highlands,,,,,,,,,,,,,,,,,,Carrollton Ridge,,,,,Romanelli West,,,,,,,,,,,,,,,,,,Rolling Fields,
,,,,,,,,,,,,West Lake,,,,,,,,,,,,,,,,,,Carroll South,,,,,Royal Oaks,,,,,,,,,,,,,,,,,,Rolling Hills,
,,,,,,,,,,,,Whittier Mill Village,,,,,,,,,,,,,,,,,,Dickeyville,,,,,Ruskin Heights,,,,,,,,,,,,,,,,,,St. Matthews,
,,,,,,,,,,,,Ardmore,,,,,,,,,,,,,,,,,,Edmondson,,,,,Ruskin Hills,,,,,,,,,,,,,,,,,,St. Regis Park,
,,,,,,,,,,,,Argonne Forest,,,,,,,,,,,,,,,,,,Fairmount,,,,,Santa Fe Hills,,,,,,,,,,,,,,,,,,Seneca Gardens,
,,,,,,,,,,,,Arden/Habersham,,,,,,,,,,,,,,,,,,Franklintown,,,,,Sechrest,,,,,,,,,,,,,,,,,,Shively,
,,,,,,,,,,,,Brookhaven,,,,,,,,,,,,,,,,,,Gwynn's Falls,,,,,Self-Help Neighborhood Council,,,,,,,,,,,,,,,,,,Springlee,
,,,,,,,,,,,,Buckhead Forest,,,,,,,,,,,,,,,,,,Hillside Park,,,,,Stratford Estates,,,,,,,,,,,,,,,,,,Spring Mill,
,,,,,,,,,,,,Brandon,,,,,,,,,,,,,,,,,,Hilton,,,,,Strupwood,,,,,,,,,,,,,,,,,,Spring Valley,
,,,,,,,,,,,,Brookwood,,,,,,,,,,,,,,,,,,Irvington,,,,,Swope Park Campus,,,,,,,,,,,,,,,,,,Strathmoor Manor,
,,,,,,,,,,,,Brookwood Hills,,,,,,,,,,,,,,,,,,Hillside Park,,,,,Swope Park-Winchester,,,,,,,,,,,,,,,,,,Strathmoor Village,
,,,,,,,,,,,,Buckhead Forest,,,,,,,,,,,,,,,,,,Mill Hill,,,,,Swope Parkway-Elmwood,,,,,,,,,,,,,,,,,,Sycamore,
,,,,,,,,,,,,Buckhead Village,,,,,,,,,,,,,,,,,,Monastery Gardens,,,,,Terrace Lake Gardens,,,,,,,,,,,,,,,,,,Ten Broeck,
,,,,,,,,,,,,Castlewood,,,,,,,,,,,,,,,,,,Morrell Park,,,,,Timber Valley,,,,,,,,,,,,,,,,,,Thornhill,
,,,,,,,,,,,,Channing Valley,,,,,,,,,,,,,,,,,,Mount Holly,,,,,Tower Homes,,,,,,,,,,,,,,,,,,Watterson Park,
,,,,,,,,,,,,Chastain Park,,,,,,,,,,,,,,,,,,Northwest Community Action,,,,,Town Fork Creek,,,,,,,,,,,,,,,,,,Wellington,
,,,,,,,,,,,,Collier Hills,,,,,,,,,,,,,,,,,,Oaklee,,,,,Troost Avenue Lawn,,,,,,,,,,,,,,,,,,West Buechel,
,,,,,,,,,,,,Colonial Homes,,,,,,,,,,,,,,,,,,Pigtown,,,,,Unity Ridge,,,,,,,,,,,,,,,,,,Westwood,
,,,,,,,,,,,,East Chastain Park,,,,,,,,,,,,,,,,,,Primrose Place,,,,,Verona Hills,,,,,,,,,,,,,,,,,,Whipps Millgate,
,,,,,,,,,,,,Garden Hills,,,,,,,,,,,,,,,,,,Rognel Heights,,,,,Waldo,,,,,,,,,,,,,,,,,,Wildwood,
,,,,,,,,,,,,Haynes Manor,,,,,,,,,,,,,,,,,,Rosemont,,,,,Waldo West,,,,,,,,,,,,,,,,,,Windy Hills,
,,,,,,,,,,,,Historic Brookhaven,,,,,,,,,,,,,,,,,,Saint Agnes,,,,,Ward Estates,,,,,,,,,,,,,,,,,,Woodland Hills,
,,,,,,,,,,,,Kingswood,,,,,,,,,,,,,,,,,,Saint Joseph's,,,,,Ward Parkway,,,,,,,,,,,,,,,,,,Woodlawn Park,
,,,,,,,,,,,,Lindbergh/Morosgo,,,,,,,,,,,,,,,,,,Shipley Hill,,,,,Ward Parkway Plaza,,,,,,,,,,,,,,,,,,Worthington Hills,
,,,,,,,,,,,,Loring Heights,,,,,,,,,,,,,,,,,,Sowebo,,,,,Western Hills,,,,,,,,,,,,,,,,,,,
,,,,,,,,,,,,Margaret Mitchell,,,,,,,,,,,,,,,,,,Ten Hills,,,,,White Oak,,,,,,,,,,,,,,,,,,,
,,,,,,,,,,,,Mount Paran/Northside,,,,,,,,,,,,,,,,,,Tremont,,,,,Woodbridge,,,,,,,,,,,,,,,,,,,
,,,,,,,,,,,,Mount Paran Parkway,,,,,,,,,,,,,,,,,,Uplands,,,,,Wornall Homestead,,,,,,,,,,,,,,,,,,,
,,,,,,,,,,,,North Buckhead,,,,,,,,,,,,,,,,,,Violetville,,,,,,,,,,,,,,,,,,,,,,,,
,,,,,,,,,,,,Paces,,,,,,,,,,,,,,,,,,Wakefield,,,,,,,,,,,,,,,,,,,,,,,,
,,,,,,,,,,,,Peachtree Heights East,,,,,,,,,,,,,,,,,,Wallbrook,,,,,,,,,,,,,,,,,,,,,,,,
,,,,,,,,,,,,Peachtree Heights West,,,,,,,,,,,,,,,,,,Westgate,,,,,,,,,,,,,,,,,,,,,,,,
,,,,,,,,,,,,Peachtree Hills,,,,,,,,,,,,,,,,,,West Hills,,,,,,,,,,,,,,,,,,,,,,,,
,,,,,,,,,,,,Peachtree Park,,,,,,,,,,,,,,,,,,West Mullberry,,,,,,,,,,,,,,,,,,,,,,,,
,,,,,,,,,,,,Pine Hills,,,,,,,,,,,,,,,,,,Western,,,,,,,,,,,,,,,,,,,,,,,,
,,,,,,,,,,,,Pleasant Hill,,,,,,,,,,,,,,,,,,Winchester,,,,,,,,,,,,,,,,,,,,,,,,
,,,,,,,,,,,,Randall Mill,,,,,,,,,,,,,,,,,,Windsor Hills,,,,,,,,,,,,,,,,,,,,,,,,
,,,,,,,,,,,,Ridgedale Park,,,,,,,,,,,,,,,,,,Yale Heights,,,,,,,,,,,,,,,,,,,,,,,,
,,,,,,,,,,,,Springlake,,,,,,,,,,,,,,,,,,Barre Circle,,,,,,,,,,,,,,,,,,,,,,,,
,,,,,,,,,,,,South Tuxedo Park,,,,,,,,,,,,,,,,,,Brooklyn,,,,,,,,,,,,,,,,,,,,,,,,
,,,,,,,,,,,,Tuxedo Park,,,,,,,,,,,,,,,,,,Cherry Hill,,,,,,,,,,,,,,,,,,,,,,,,
,,,,,,,,,,,,Underwood Hills,,,,,,,,,,,,,,,,,,Curtis Bay,,,,,,,,,,,,,,,,,,,,,,,,
,,,,,,,,,,,,West Paces Ferry/Northside,,,,,,,,,,,,,,,,,,Downtown,,,,,,,,,,,,,,,,,,,,,,,,
,,,,,,,,,,,,Westminister/Milmar,,,,,,,,,,,,,,,,,,Fairfield,,,,,,,,,,,,,,,,,,,,,,,,
,,,,,,,,,,,,West Peachtree Battle,,,,,,,,,,,,,,,,,,Federal Hill,,,,,,,,,,,,,,,,,,,,,,,,
,,,,,,,,,,,,Whitewater Creek,,,,,,,,,,,,,,,,,,Harborview,,,,,,,,,,,,,,,,,,,,,,,,
,,,,,,,,,,,,Wildwood,,,,,,,,,,,,,,,,,,Hawkins Point,,,,,,,,,,,,,,,,,,,,,,,,
,,,,,,,,,,,,Woodfield,,,,,,,,,,,,,,,,,,Hollins Market,,,,,,,,,,,,,,,,,,,,,,,,
,,,,,,,,,,,,Wyngate,,,,,,,,,,,,,,,,,,Lakeland,,,,,,,,,,,,,,,,,,,,,,,,
,,,,,,,,,,,,,,,,,,,,,,,,,,,,,,Locust Point,,,,,,,,,,,,,,,,,,,,,,,,
,,,,,,,,,,,,,,,,,,,,,,,,,,,,,,Mount Winans,,,,,,,,,,,,,,,,,,,,,,,,
,,,,,,,,,,,,,,,,,,,,,,,,,,,,,,Otterbein,,,,,,,,,,,,,,,,,,,,,,,,
,,,,,,,,,,,,,,,,,,,,,,,,,,,,,,Pigtown,,,,,,,,,,,,,,,,,,,,,,,,
,,,,,,,,,,,,,,,,,,,,,,,,,,,,,,Pratt Monroe,,,,,,,,,,,,,,,,,,,,,,,,
,,,,,,,,,,,,,,,,,,,,,,,,,,,,,,Ridgely's Delight,,,,,,,,,,,,,,,,,,,,,,,,
,,,,,,,,,,,,,,,,,,,,,,,,,,,,,,Riverside,,,,,,,,,,,,,,,,,,,,,,,,
,,,,,,,,,,,,,,,,,,,,,,,,,,,,,,Saint Paul,,,,,,,,,,,,,,,,,,,,,,,,
,,,,,,,,,,,,,,,,,,,,,,,,,,,,,,SBIC/West Federal Hill,,,,,,,,,,,,,,,,,,,,,,,,
,,,,,,,,,,,,,,,,,,,,,,,,,,,,,,Sharp-Ledenhall,,,,,,,,,,,,,,,,,,,,,,,,
,,,,,,,,,,,,,,,,,,,,,,,,,,,,,,Shoreline,,,,,,,,,,,,,,,,,,,,,,,,
,,,,,,,,,,,,,,,,,,,,,,,,,,,,,,South Baltimore,,,,,,,,,,,,,,,,,,,,,,,,
,,,,,,,,,,,,,,,,,,,,,,,,,,,,,,Union Square,,,,,,,,,,,,,,,,,,,,,,,,
,,,,,,,,,,,,,,,,,,,,,,,,,,,,,,Wagner's Point,,,,,,,,,,,,,,,,,,,,,,,,
,,,,,,,,,,,,,,,,,,,,,,,,,,,,,,West Pratt,,,,,,,,,,,,,,,,,,,,,,,,
,,,,,,,,,,,,,,,,,,,,,,,,,,,,,,Westport,,,,,,,,,,,,,,,,,,,,,,,,
,,,,,,,,,,,,,,,,,,,,,,,,,,,,,,Baltimore Highlands,,,,,,,,,,,,,,,,,,,,,,,,
,,,,,,,,,,,,,,,,,,,,,,,,,,,,,,Bayview,,,,,,,,,,,,,,,,,,,,,,,,
,,,,,,,,,,,,,,,,,,,,,,,,,,,,,,Brewer's Hill,,,,,,,,,,,,,,,,,,,,,,,,
,,,,,,,,,,,,,,,,,,,,,,,,,,,,,,Butchers Hill,,,,,,,,,,,,,,,,,,,,,,,,
,,,,,,,,,,,,,,,,,,,,,,,,,,,,,,Canton,,,,,,,,,,,,,,,,,,,,,,,,
,,,,,,,,,,,,,,,,,,,,,,,,,,,,,,Douglas Homes,,,,,,,,,,,,,,,,,,,,,,,,
,,,,,,,,,,,,,,,,,,,,,,,,,,,,,,Dunbar,,,,,,,,,,,,,,,,,,,,,,,,
,,,,,,,,,,,,,,,,,,,,,,,,,,,,,,Eastwood,,,,,,,,,,,,,,,,,,,,,,,,
,,,,,,,,,,,,,,,,,,,,,,,,,,,,,,Ellwood Park,,,,,,,,,,,,,,,,,,,,,,,,
,,,,,,,,,,,,,,,,,,,,,,,,,,,,,,Fells Point,,,,,,,,,,,,,,,,,,,,,,,,
,,,,,,,,,,,,,,,,,,,,,,,,,,,,,,Fells Prospect,,,,,,,,,,,,,,,,,,,,,,,,
,,,,,,,,,,,,,,,,,,,,,,,,,,,,,,Fifteenth Street,,,,,,,,,,,,,,,,,,,,,,,,
,,,,,,,,,,,,,,,,,,,,,,,,,,,,,,Graceland Park,,,,,,,,,,,,,,,,,,,,,,,,
,,,,,,,,,,,,,,,,,,,,,,,,,,,,,,Greektown,,,,,,,,,,,,,,,,,,,,,,,,
,,,,,,,,,,,,,,,,,,,,,,,,,,,,,,Harbor East,,,,,,,,,,,,,,,,,,,,,,,,
,,,,,,,,,,,,,,,,,,,,,,,,,,,,,,Hopkins Bayview,,,,,,,,,,,,,,,,,,,,,,,,
,,,,,,,,,,,,,,,,,,,,,,,,,,,,,,Highlandtown,,,,,,,,,,,,,,,,,,,,,,,,
,,,,,,,,,,,,,,,,,,,,,,,,,,,,,,Jonestown,,,,,,,,,,,,,,,,,,,,,,,,
,,,,,,,,,,,,,,,,,,,,,,,,,,,,,,Joseph Lee,,,,,,,,,,,,,,,,,,,,,,,,
,,,,,,,,,,,,,,,,,,,,,,,,,,,,,,Kresson,,,,,,,,,,,,,,,,,,,,,,,,
,,,,,,,,,,,,,,,,,,,,,,,,,,,,,,Little Italy,,,,,,,,,,,,,,,,,,,,,,,,
,,,,,,,,,,,,,,,,,,,,,,,,,,,,,,McElderry Park,,,,,,,,,,,,,,,,,,,,,,,,
,,,,,,,,,,,,,,,,,,,,,,,,,,,,,,Medford-Broening Highway,,,,,,,,,,,,,,,,,,,,,,,,
,,,,,,,,,,,,,,,,,,,,,,,,,,,,,,O'Donnell Heights,,,,,,,,,,,,,,,,,,,,,,,,
,,,,,,,,,,,,,,,,,,,,,,,,,,,,,,Patterson Park,,,,,,,,,,,,,,,,,,,,,,,,
,,,,,,,,,,,,,,,,,,,,,,,,,,,,,,Patterson Place,,,,,,,,,,,,,,,,,,,,,,,,
,,,,,,,,,,,,,,,,,,,,,,,,,,,,,,Perkins Homes,,,,,,,,,,,,,,,,,,,,,,,,
,,,,,,,,,,,,,,,,,,,,,,,,,,,,,,Pleasant View Gardens,,,,,,,,,,,,,,,,,,,,,,,,
,,,,,,,,,,,,,,,,,,,,,,,,,,,,,,St Helena,,,,,,,,,,,,,,,,,,,,,,,,
,,,,,,,,,,,,,,,,,,,,,,,,,,,,,,Upper Fells Point,,,,,,,,,,,,,,,,,,,,,,,,
,,,,,,,,,,,,,,,,,,,,,,,,,,,,,,Washington Hill,,,,,,,,,,,,,,,,,,,,,,,,
